surveynum,qid,bin,interval,dens,cprobs
1,6163,0.0,0.015,0.00787,0.0
1,6163,0.015,0.015,0.00816,4.0276381909547707e-05
1,6163,0.03,0.015,0.00848,8.206030150753763e-05
1,6163,0.045,0.015,0.00882,0.00012553182579564477
1,6163,0.06,0.015,0.00919,0.00017075376884422098
1,6163,0.075,0.015,0.00959,0.00021794388609715223
1,6163,0.09,0.015,0.01001,0.00026716917922948053
1,6163,0.105,0.015,0.01048,0.00031864321608040175
1,6163,0.12,0.015,0.01098,0.000372546063651591
1,6163,0.135,0.015,0.01153,0.0004290871021775542
1,6163,0.15000000000000002,0.015,0.01212,0.0004884924623115575
1,6163,0.16500000000000004,0.015,0.01277,0.0005510050251256278
1,6163,0.18000000000000005,0.015,0.01348,0.0006169346733668339
1,6163,0.19500000000000006,0.015,0.01425,0.000686582914572864
1,6163,0.21000000000000008,0.015,0.01509,0.0007602680067001673
1,6163,0.2250000000000001,0.015,0.01601,0.0008383793969849243
1,6163,0.2400000000000001,0.015,0.01702,0.0009213232830820768
1,6163,0.2550000000000001,0.015,0.01813,0.0010096063651591285
1,6163,0.27000000000000013,0.015,0.01935,0.0011037185929648238
1,6163,0.28500000000000014,0.015,0.02069,0.0012042839195979898
1,6163,0.30000000000000016,0.015,0.02217,0.0013118927973199328
1,6163,0.31500000000000017,0.015,0.0238,0.0014273534338358456
1,6163,0.3300000000000002,0.015,0.0256,0.0015513735343383583
1,6163,0.3450000000000002,0.015,0.02758,0.0016849455611390282
1,6163,0.3600000000000002,0.015,0.02978,0.0018289279731993299
1,6163,0.3750000000000002,0.015,0.03221,0.0019846314907872695
1,6163,0.39000000000000024,0.015,0.03491,0.0021530988274706866
1,6163,0.40500000000000025,0.015,0.0379,0.002335979899497487
1,6163,0.42000000000000026,0.015,0.04122,0.002534556113902847
1,6163,0.4350000000000003,0.015,0.0449,0.0027508668341708537
1,6163,0.4500000000000003,0.015,0.049,0.002986515912897822
1,6163,0.4650000000000003,0.015,0.05356,0.0032441164154103845
1,6163,0.4800000000000003,0.015,0.05864,0.0035256783919597992
1,6163,0.49500000000000033,0.015,0.0643,0.0038344597989949753
1,6163,0.5100000000000003,0.015,0.07061,0.0041729983249581245
1,6163,0.5250000000000004,0.015,0.07765,0.00454536432160804
1,6163,0.5400000000000004,0.015,0.08552,0.004954790619765494
1,6163,0.5550000000000004,0.015,0.0943,0.00540641959798995
1,6163,0.5700000000000004,0.015,0.10411,0.00590425460636516
1,6163,0.5850000000000004,0.015,0.11509,0.006454769681742044
1,6163,0.6000000000000004,0.015,0.12737,0.007063115577889448
1,6163,0.6150000000000004,0.015,0.14111,0.007737382747068676
1,6163,0.6300000000000004,0.015,0.15651,0.008484087102177554
1,6163,0.6450000000000005,0.015,0.17376,0.00931352596314908
1,6163,0.6600000000000005,0.015,0.19309,0.01023390284757119
1,6163,0.6750000000000005,0.015,0.21478,0.011258199329983253
1,6163,0.6900000000000005,0.015,0.23911,0.012396917922948074
1,6163,0.7050000000000005,0.015,0.26643,0.013666469849246235
1,6163,0.7200000000000005,0.015,0.29711,0.015080234505862647
1,6163,0.7350000000000005,0.015,0.33159,0.016659049413735343
1,6163,0.7500000000000006,0.015,0.37036,0.018419983249581242
1,6163,0.7650000000000006,0.015,0.414,0.0203896608040201
1,6163,0.7800000000000006,0.015,0.46313,0.022589983249581242
1,6163,0.7950000000000006,0.015,0.51849,0.025054979061976554
1,6163,0.8100000000000006,0.015,0.58092,0.027812780569514237
1,6163,0.8250000000000006,0.015,0.65137,0.030907202680066997
1,6163,0.8400000000000006,0.015,0.73092,0.034374455611390284
1,6163,0.8550000000000006,0.015,0.82078,0.03827090871021775
1,6163,0.8700000000000007,0.015,0.92227,0.042642981574539364
1,6163,0.8850000000000007,0.015,1.03683,0.04756244974874371
1,6163,0.9000000000000007,0.015,1.1659,0.05308768844221105
1,6163,0.9150000000000007,0.015,1.31086,0.059307231993299826
1,6163,0.9300000000000007,0.015,1.47286,0.06629070351758794
1,6163,0.9450000000000007,0.015,1.65264,0.07413993718592964
1,6163,0.9600000000000007,0.015,1.85045,0.08293035175879397
1,6163,0.9750000000000008,0.015,2.06604,0.09276710217755445
1,6163,0.9900000000000008,0.015,2.29887,0.10372345058626467
1,6163,1.0050000000000008,0.015,2.54862,0.11589953098827474
1,6163,1.0200000000000007,0.015,2.81587,0.1293670351758793
1,6163,1.0350000000000006,0.015,3.1029,0.14423381909547722
1,6163,1.0500000000000005,0.015,3.41441,0.16059296482412028
1,6163,1.0650000000000004,0.015,3.75714,0.17860461474036807
1,6163,1.0800000000000003,0.015,4.13661,0.1984147068676711
1,6163,1.0950000000000002,0.015,4.5488,0.22023170854271282
1,6163,1.11,0.015,4.96824,0.24414343383584497
1,6163,1.125,0.015,5.3447,0.270070741206029
1,6163,1.14,0.015,5.62604,0.2976996817420422
1,6163,1.1549999999999998,0.015,5.79816,0.3264250041876031
1,6163,1.1699999999999997,0.015,5.89768,0.35585103852596134
1,6163,1.1849999999999996,0.015,5.98146,0.38569561557788734
1,6163,1.1999999999999995,0.015,6.09067,0.4160088107202658
1,6163,1.2149999999999994,0.015,6.23285,0.44696676298157206
1,6163,1.2299999999999993,0.015,6.37149,0.4786445896147377
1,6163,1.2449999999999992,0.015,6.43911,0.5108546189279702
1,6163,1.2599999999999991,0.015,6.40133,0.5431827135678361
1,6163,1.274999999999999,0.015,6.28513,0.575069535175876
1,6163,1.289999999999999,0.015,6.12205,0.6062713232830785
1,6163,1.3049999999999988,0.015,5.91591,0.6365271482412023
1,6163,1.3199999999999987,0.015,5.65989,0.6656441541038486
1,6163,1.3349999999999986,0.015,5.35414,0.6933272278056909
1,6163,1.3499999999999985,0.015,5.00926,0.719389061976545
1,6163,1.3649999999999984,0.015,4.64203,0.743641139028471
1,6163,1.3799999999999983,0.015,4.26977,0.7660342043551042
1,6163,1.3949999999999982,0.015,3.90656,0.7865744556113853
1,6163,1.4099999999999981,0.015,3.56181,0.8053270351758743
1,6163,1.424999999999998,0.015,3.24061,0.8224131197654888
1,6163,1.439999999999998,0.015,2.94483,0.8379385594639813
1,6163,1.4549999999999979,0.015,2.6744,0.8520518341708486
1,6163,1.4699999999999978,0.015,2.42818,0.8648575041875991
1,6163,1.4849999999999977,0.015,2.20459,0.87649289782244
1,6163,1.4999999999999976,0.015,2.00177,0.8870489782244498
1,6163,1.5149999999999975,0.015,1.8177,0.8966417504187545
1,6163,1.5299999999999974,0.015,1.65023,0.9053451256281347
1,6163,1.5449999999999973,0.015,1.49726,0.9132503852596257
1,6163,1.5599999999999972,0.015,1.35701,0.9204142713567779
1,6163,1.574999999999997,0.015,1.22824,0.9269073869346673
1,6163,1.589999999999997,0.015,1.11027,0.9327764824120542
1,6163,1.6049999999999969,0.015,1.0027,0.9380831323283021
1,6163,1.6199999999999968,0.015,0.90516,0.9428706700167443
1,6163,1.6349999999999967,0.015,0.81713,0.9471959296482352
1,6163,1.6499999999999966,0.015,0.73795,0.9510978559463925
1,6163,1.6649999999999965,0.015,0.66685,0.9546257244556053
1,6163,1.6799999999999964,0.015,0.60304,0.95781207705192
1,6163,1.6949999999999963,0.015,0.54575,0.9606970268006637
1,6163,1.7099999999999962,0.015,0.49429,0.9633067671691729
1,6163,1.724999999999996,0.015,0.44804,0.9656732328308144
1,6163,1.739999999999996,0.015,0.40643,0.9678174539363419
1,6163,1.754999999999996,0.015,0.36898,0.969764723618084
1,6163,1.7699999999999958,0.015,0.33526,0.9715320435510822
1,6163,1.7849999999999957,0.015,0.30487,0.9731395812395246
1,6163,1.7999999999999956,0.015,0.27749,0.9746011055276316
1,6163,1.8149999999999955,0.015,0.2528,0.9759327973199265
1,6163,1.8299999999999954,0.015,0.23053,0.9771458626465596
1,6163,1.8449999999999953,0.015,0.21045,0.9782532537688378
1,6163,1.8599999999999952,0.015,0.19233,0.979264221105521
1,6163,1.8749999999999951,0.015,0.17598,0.9801891038525898
1,6163,1.889999999999995,0.015,0.16122,0.9810355276381844
1,6163,1.904999999999995,0.015,0.1479,0.9818117546063587
1,6163,1.9199999999999948,0.015,0.13586,0.98252410385259
1,6163,1.9349999999999947,0.015,0.125,0.9831791164154039
1,6163,1.9499999999999946,0.015,0.11518,0.9837821273031763
1,6163,1.9649999999999945,0.015,0.1063,0.984338237018419
1,6163,1.9799999999999944,0.015,0.09827,0.9848518927973136
1,6163,1.9949999999999943,0.015,0.09101,0.9853271314907808
1,6163,2.0099999999999945,0.015,0.08443,0.9857677051926234
1,6163,2.0249999999999946,0.015,0.07848,0.986176708542707
1,6163,2.0399999999999947,0.015,0.07308,0.9865573701842482
1,6163,2.054999999999995,0.015,0.06819,0.9869120184254542
1,6163,2.069999999999995,0.015,0.06374,0.9872434338358395
1,6163,2.084999999999995,0.015,0.0597,0.9875532956448846
1,6163,2.099999999999995,0.015,0.05603,0.9878440536013336
1,6163,2.1149999999999953,0.015,0.05269,0.9881169472361745
1,6163,2.1299999999999955,0.015,0.04964,0.9883740871021711
1,6163,2.1449999999999956,0.015,0.04686,0.9886162855946335
1,6163,2.1599999999999957,0.015,0.04431,0.9888454271356719
1,6163,2.174999999999996,0.015,0.04199,0.9890619974874306
1,6163,2.189999999999996,0.015,0.03985,0.989267738693461
1,6163,2.204999999999996,0.015,0.03789,0.9894628015075313
1,6163,2.219999999999996,0.015,0.03609,0.9896488107202616
1,6163,2.2349999999999963,0.015,0.03443,0.9898257412060237
1,6163,2.2499999999999964,0.015,0.0329,0.9899950586264592
1,6163,2.2649999999999966,0.015,0.03148,0.9901565703517524
1,6163,2.2799999999999967,0.015,0.03016,0.9903116080401945
1,6163,2.294999999999997,0.015,0.02894,0.9904598534338295
1,6163,2.309999999999997,0.015,0.0278,0.9906025963149013
1,6163,2.324999999999997,0.015,0.02674,0.990739384422104
1,6163,2.339999999999997,0.015,0.02574,0.9908714405360068
1,6163,2.3549999999999973,0.015,0.02481,0.9909981993299768
1,6163,2.3699999999999974,0.015,0.02394,0.9911208877721878
1,6163,2.3849999999999976,0.015,0.02311,0.9912388609715178
1,6163,2.3999999999999977,0.015,0.02233,0.9913532328308144
1,6163,2.414999999999998,0.015,0.0216,0.9914633668341646
1,6163,2.429999999999998,0.015,0.0209,0.9915703685092064
1,6163,2.444999999999998,0.015,0.02023,0.9916734673366769
1,6163,2.459999999999998,0.015,0.0196,0.9917737520937959
1,6163,2.4749999999999983,0.015,0.019,0.9918704983249518
1,6163,2.4899999999999984,0.015,0.01842,0.9919647403685028
1,6163,2.5049999999999986,0.015,0.01787,0.9920556783919534
1,6163,2.5199999999999987,0.015,0.01734,0.99214437185929
1,6163,2.534999999999999,0.015,0.01684,0.9922300041875982
1,6163,2.549999999999999,0.015,0.01635,0.9923136348408645
1,6163,2.564999999999999,0.015,0.01588,0.9923943634840808
1,6163,2.579999999999999,0.015,0.01542,0.9924732495812331
1,6163,2.5949999999999993,0.015,0.01498,0.9925493760468946
1,6163,2.6099999999999994,0.015,0.01456,0.9926238358458898
1,6163,2.6249999999999996,0.015,0.01415,0.9926957202680002
1,6163,2.6399999999999997,0.015,0.01376,0.9927660804020036
1,6163,2.655,0.015,0.01337,0.9928340033500772
1,6163,2.67,0.015,0.013,0.9929004857621377
1,6163,2.685,0.015,0.01264,0.9929646691792231
1,6163,2.7,0.015,0.01229,0.9930275376884359
1,6163,2.7150000000000003,0.015,0.01195,0.9930882035175815
1,6163,2.7300000000000004,0.015,0.01162,0.9931476549413673
1,6163,2.7450000000000006,0.015,0.01129,0.9932049832495747
1,6163,2.7600000000000007,0.015,0.01098,0.9932611557788882
1,6163,2.775000000000001,0.015,0.01068,0.993315347571183
1,6163,2.790000000000001,0.015,0.01038,0.9933684924623053
1,6163,2.805000000000001,0.015,0.01009,0.9934196901172465
1,6163,2.820000000000001,0.015,0.00981,0.9934699162478999
1,6163,2.8350000000000013,0.015,0.00954,0.9935182998324895
1,6163,2.8500000000000014,0.015,0.00928,0.9935658123953036
1,6163,2.8650000000000015,0.015,0.00902,0.9936115619765429
1,6163,2.8800000000000017,0.015,0.00877,0.993656482412054
1,6163,2.895000000000002,0.015,0.00852,0.993699698492456
1,6163,2.910000000000002,0.015,0.00828,0.9937421273031763
1,6163,2.925000000000002,0.015,0.00805,0.9937829313232767
1,6163,2.940000000000002,0.015,0.00783,0.9938230485762082
1,6163,2.9550000000000023,0.015,0.00761,0.9938616206030088
1,6163,2.9700000000000024,0.015,0.00739,0.9938995309882684
1,6163,2.9850000000000025,0.015,0.00719,0.9939359338358394
1,6163,3.0000000000000027,0.015,0.00698,0.9939717755443823
1,6164,0.0,5000.0,0.01998,0.0
1,6164,5000.0,5000.0,0.02127,0.00010364321608040201
1,6164,10000.0,5000.0,0.02266,0.00021393634840871021
1,6164,15000.0,5000.0,0.02417,0.00033159128978224454
1,6164,20000.0,5000.0,0.0258,0.0004570519262981574
1,6164,25000.0,5000.0,0.02758,0.0005911515912897823
1,6164,30000.0,5000.0,0.02951,0.0007344891122278057
1,6164,35000.0,5000.0,0.0316,0.0008880067001675043
1,6164,40000.0,5000.0,0.03387,0.0010523785594639865
1,6164,45000.0,5000.0,0.03634,0.001228752093802345
1,6164,50000.0,5000.0,0.03901,0.0014179396984924622
1,6164,55000.0,5000.0,0.04191,0.001621210217755444
1,6164,60000.0,5000.0,0.04505,0.0018395477386934673
1,6164,65000.0,5000.0,0.04845,0.002074417922948074
1,6164,70000.0,5000.0,0.05213,0.0023269514237855946
1,6164,75000.0,5000.0,0.0561,0.0025988274706867675
1,6164,80000.0,5000.0,0.06038,0.0028912897822445565
1,6164,85000.0,5000.0,0.06498,0.003206201842546064
1,6164,90000.0,5000.0,0.06992,0.0035449246231155783
1,6164,95000.0,5000.0,0.07521,0.003909505862646566
1,6164,100000.0,5000.0,0.08085,0.0043013902847571185
1,6164,105000.0,5000.0,0.08686,0.004722696817420435
1,6164,110000.0,5000.0,0.09324,0.005174974874371859
1,6164,115000.0,5000.0,0.09997,0.00566036013400335
1,6164,120000.0,5000.0,0.10705,0.006180284757118928
1,6164,125000.0,5000.0,0.11445,0.006736762981574539
1,6164,130000.0,5000.0,0.12216,0.007331055276381909
1,6164,135000.0,5000.0,0.13014,0.007964937185929647
1,6164,140000.0,5000.0,0.13834,0.0086393634840871
1,6164,145000.0,5000.0,0.14671,0.009355552763819094
1,6164,150000.0,5000.0,0.15519,0.010114020100502512
1,6164,155000.0,5000.0,0.16372,0.01091530988274707
1,6164,160000.0,5000.0,0.17221,0.011759380234505866
1,6164,165000.0,5000.0,0.1806,0.012645871021775548
1,6164,170000.0,5000.0,0.18881,0.0135741541038526
1,6164,175000.0,5000.0,0.19674,0.014542948073701845
1,6164,180000.0,5000.0,0.20435,0.015550904522613068
1,6164,185000.0,5000.0,0.21155,0.016595992462311557
1,6164,190000.0,5000.0,0.21831,0.017676298157453942
1,6164,195000.0,5000.0,0.22458,0.01878922110552764
1,6164,200000.0,5000.0,0.23036,0.019932562814070357
1,6164,205000.0,5000.0,0.23564,0.021103555276381913
1,6164,210000.0,5000.0,0.24045,0.022300016750418764
1,6164,215000.0,5000.0,0.24484,0.023519455611390284
1,6164,220000.0,5000.0,0.24887,0.024760117252931327
1,6164,225000.0,5000.0,0.25265,0.026020288944723618
1,6164,230000.0,5000.0,0.25626,0.027299028475711896
1,6164,235000.0,5000.0,0.25983,0.02859575376884422
1,6164,240000.0,5000.0,0.2635,0.029910552763819095
1,6164,245000.0,5000.0,0.26739,0.031244413735343382
1,6164,250000.0,5000.0,0.27165,0.03259850921273032
1,6164,255000.0,5000.0,0.27642,0.03397547738693467
1,6164,260000.0,5000.0,0.28184,0.03537768844221106
1,6164,265000.0,5000.0,0.28807,0.036809463986599664
1,6164,270000.0,5000.0,0.29523,0.038274422110552764
1,6164,275000.0,5000.0,0.30345,0.03977842964824121
1,6164,280000.0,5000.0,0.31288,0.04132619765494138
1,6164,285000.0,5000.0,0.32364,0.042925230318257956
1,6164,290000.0,5000.0,0.33585,0.044581289782244564
1,6164,295000.0,5000.0,0.34965,0.04630332914572864
1,6164,300000.0,5000.0,0.36515,0.04809820770519264
1,6164,305000.0,5000.0,0.3825,0.04997634003350084
1,6164,310000.0,5000.0,0.40182,0.05194572864321609
1,6164,315000.0,5000.0,0.42326,0.05401834589614741
1,6164,320000.0,5000.0,0.44696,0.056203383584589615
1,6164,325000.0,5000.0,0.47308,0.05851452680067002
1,6164,330000.0,5000.0,0.50179,0.060962294807370185
1,6164,335000.0,5000.0,0.53327,0.06356235762144054
1,6164,340000.0,5000.0,0.56771,0.06632675041876047
1,6164,345000.0,5000.0,0.60532,0.0692733835845896
1,6164,350000.0,5000.0,0.64631,0.07241603015075376
1,6164,355000.0,5000.0,0.69094,0.0757751675041876
1,6164,360000.0,5000.0,0.73945,0.07936664991624791
1,6164,365000.0,5000.0,0.79213,0.08321393216080403
1,6164,370000.0,5000.0,0.84927,0.08733522613065327
1,6164,375000.0,5000.0,0.91118,0.09175742881072027
1,6164,380000.0,5000.0,0.97821,0.09650139028475711
1,6164,385000.0,5000.0,1.05074,0.10159805695142377
1,6164,390000.0,5000.0,1.12915,0.10707144053601339
1,6164,395000.0,5000.0,1.21389,0.11295708961474035
1,6164,400000.0,5000.0,1.30544,0.11928274706867673
1,6164,405000.0,5000.0,1.40435,0.12608964824120603
1,6164,410000.0,5000.0,1.51121,0.13341013400335008
1,6164,415000.0,5000.0,1.62667,0.14129236599664993
1,6164,420000.0,5000.0,1.75144,0.1497741708542714
1,6164,425000.0,5000.0,1.88618,0.15891175460636517
1,6164,430000.0,5000.0,2.03144,0.16874837520938027
1,6164,435000.0,5000.0,2.18745,0.17934634003350083
1,6164,440000.0,5000.0,2.35398,0.19075041876046903
1,6164,445000.0,5000.0,2.53048,0.2030209003350084
1,6164,450000.0,5000.0,2.71689,0.2161989782244556
1,6164,455000.0,5000.0,2.91551,0.23034774288107202
1,6164,460000.0,5000.0,3.13387,0.2455336515912898
1,6164,465000.0,5000.0,3.38613,0.26190663735343384
1,6164,470000.0,5000.0,3.68408,0.27964164154103854
1,6164,475000.0,5000.0,4.00366,0.2989587227805695
1,6164,480000.0,5000.0,4.25759,0.3197694639865997
1,6164,485000.0,5000.0,4.37733,0.3414950963149079
1,6164,490000.0,5000.0,4.41495,0.363625175879397
1,6164,495000.0,5000.0,4.45403,0.3859038986599665
1,6164,500000.0,5000.0,4.51134,0.4084198324958125
1,6164,505000.0,5000.0,4.56068,0.4312196775544389
1,6164,510000.0,5000.0,4.57856,0.45420311557788956
1,6164,515000.0,5000.0,4.56041,0.4771730904522614
1,6164,520000.0,5000.0,4.51401,0.4999890619765495
1,6164,525000.0,5000.0,4.44764,0.5225100418760469
1,6164,530000.0,5000.0,4.36453,0.5446609212730319
1,6164,535000.0,5000.0,4.26356,0.5663442797319933
1,6164,540000.0,5000.0,4.14221,0.5874766331658291
1,6164,545000.0,5000.0,3.99943,0.6079381951423786
1,6164,550000.0,5000.0,3.83743,0.6276397152428811
1,6164,555000.0,5000.0,3.66157,0.6464843592964824
1,6164,560000.0,5000.0,3.4788,0.6644278391959799
1,6164,565000.0,5000.0,3.29555,0.6814490619765494
1,6164,570000.0,5000.0,3.11658,0.6975561139028477
1,6164,575000.0,5000.0,2.94469,0.7127845058626466
1,6164,580000.0,5000.0,2.78115,0.7271649748743719
1,6164,585000.0,5000.0,2.62629,0.7407504396984924
1,6164,590000.0,5000.0,2.47992,0.7535740703517588
1,6164,595000.0,5000.0,2.34161,0.7656875795644892
1,6164,600000.0,5000.0,2.2109,0.777120569514238
1,6164,605000.0,5000.0,2.08731,0.787919405360134
1,6164,610000.0,5000.0,1.97042,0.7981097822445563
1,6164,615000.0,5000.0,1.85983,0.8077330067001677
1,6164,620000.0,5000.0,1.75519,0.8168115075376886
1,6164,625000.0,5000.0,1.65618,0.8253824036850923
1,6164,630000.0,5000.0,1.56253,0.8334655108877724
1,6164,635000.0,5000.0,1.47399,0.8410946775544389
1,6164,640000.0,5000.0,1.39031,0.848287621440536
1,6164,645000.0,5000.0,1.31129,0.8550753643216081
1,6164,650000.0,5000.0,1.23673,0.8614738860971525
1,6164,655000.0,5000.0,1.16645,0.867511905360134
1,6164,660000.0,5000.0,1.10027,0.8732038693467338
1,6164,665000.0,5000.0,1.03799,0.8785763442211055
1,6164,670000.0,5000.0,0.97946,0.8836422110552765
1,6164,675000.0,5000.0,0.92449,0.8884260469011727
1,6164,680000.0,5000.0,0.87289,0.8929392127303184
1,6164,685000.0,5000.0,0.82451,0.8972041415410387
1,6164,690000.0,5000.0,0.77916,0.9012308207705194
1,6164,695000.0,5000.0,0.73668,0.9050396356783922
1,6164,700000.0,5000.0,0.69691,0.9086391792294809
1,6164,705000.0,5000.0,0.65971,0.9120480025125629
1,6164,710000.0,5000.0,0.62494,0.9152735008375211
1,6164,715000.0,5000.0,0.59247,0.9183326046901172
1,6164,720000.0,5000.0,0.56218,0.9212316247906198
1,6164,725000.0,5000.0,0.53395,0.9239860552763818
1,6164,730000.0,5000.0,0.50768,0.9266012395309884
1,6164,735000.0,5000.0,0.48328,0.9290914614740369
1,6164,740000.0,5000.0,0.46066,0.9314613065326635
1,6164,745000.0,5000.0,0.43971,0.9337239614740369
1,6164,750000.0,5000.0,0.42037,0.9358831993299833
1,6164,755000.0,5000.0,0.40254,0.9379512730318257
1,6164,760000.0,5000.0,0.38615,0.9399312395309884
1,6164,765000.0,5000.0,0.37111,0.9418344011725293
1,6164,770000.0,5000.0,0.35735,0.9436631323283083
1,6164,775000.0,5000.0,0.34478,0.9454278140703517
1,6164,780000.0,5000.0,0.33331,0.9471301005025127
1,6164,785000.0,5000.0,0.32288,0.9487793802345059
1,6164,790000.0,5000.0,0.31338,0.9503766834170855
1,6164,795000.0,5000.0,0.30474,0.9519303391959798
1,6164,800000.0,5000.0,0.29686,0.9534406700167506
1,6164,805000.0,5000.0,0.28967,0.9549149832495812
1,6164,810000.0,5000.0,0.28306,0.9563528978224457
1,6164,815000.0,5000.0,0.27696,0.9577606323283082
1,6164,820000.0,5000.0,0.27127,0.9591371021775545
1,6164,825000.0,5000.0,0.26591,0.9604874832495812
1,6164,830000.0,5000.0,0.26081,0.96181
1,6164,835000.0,5000.0,0.25587,0.9631089154103852
1,6164,840000.0,5000.0,0.25103,0.9643817252931324
1,6164,845000.0,5000.0,0.24622,0.965631850921273
1,6164,850000.0,5000.0,0.24138,0.9668562479061977
1,6164,855000.0,5000.0,0.23645,0.9680576046901174
1,6164,860000.0,5000.0,0.23141,0.9692324455611392
1,6164,865000.0,5000.0,0.2262,0.9703830234505864
1,6164,870000.0,5000.0,0.22082,0.9715055276381911
1,6164,875000.0,5000.0,0.21523,0.9726019514237856
1,6164,880000.0,5000.0,0.20945,0.973668324958124
1,6164,885000.0,5000.0,0.20347,0.9747066373534339
1,6164,890000.0,5000.0,0.1973,0.9757129313232831
1,6164,895000.0,5000.0,0.19097,0.976689296482412
1,6164,900000.0,5000.0,0.18449,0.9776319765494137
1,6164,905000.0,5000.0,0.1779,0.9785432998324959
1,6164,910000.0,5000.0,0.17123,0.9794197822445562
1,6164,915000.0,5000.0,0.16451,0.9802641331658292
1,6164,920000.0,5000.0,0.15778,0.9810731323283083
1,6164,925000.0,5000.0,0.15108,0.9818499288107203
1,6164,930000.0,5000.0,0.14445,0.9825916415410385
1,6164,935000.0,5000.0,0.1379,0.9833018257956448
1,6164,940000.0,5000.0,0.13148,0.9839777889447237
1,6164,945000.0,5000.0,0.12522,0.9846235134003349
1,6164,950000.0,5000.0,0.11913,0.9852365661641541
1,6164,955000.0,5000.0,0.11325,0.9858211683417084
1,6164,960000.0,5000.0,0.10758,0.986375108877722
1,6164,965000.0,5000.0,0.10216,0.9869028098827471
1,6164,970000.0,5000.0,0.09697,0.9874022278056952
1,6164,975000.0,5000.0,0.09205,0.987877851758794
1,6164,980000.0,5000.0,0.08739,0.9883277889447236
1,6164,985000.0,5000.0,0.083,0.9887565996649916
1,6164,990000.0,5000.0,0.07889,0.9891624288107203
1,6164,995000.0,5000.0,0.07505,0.9895499120603016
1,6164,1000000.0,5000.0,0.07148,0.9899171524288107
1,6166,0.0,0.5,0.0325,0.0
1,6166,0.5,0.5,0.03343,0.0001656532663316583
1,6166,1.0,0.5,0.03438,0.00033601340033500833
1,6166,1.5,0.5,0.03536,0.0005112353433835846
1,6166,2.0,0.5,0.03636,0.0006914237855946398
1,6166,2.5,0.5,0.03739,0.0008767169179229481
1,6166,3.0,0.5,0.03845,0.001067252931323283
1,6166,3.5,0.5,0.03952,0.0012631574539363484
1,6166,4.0,0.5,0.04061,0.001464472361809045
1,6166,4.5,0.5,0.04172,0.0016713316582914572
1,6166,5.0,0.5,0.04284,0.0018837855946398658
1,6166,5.5,0.5,0.04397,0.002101901172529313
1,6166,6.0,0.5,0.04511,0.0023257118927973194
1,6166,6.5,0.5,0.04624,0.002555242881072027
1,6166,7.0,0.5,0.04738,0.002790452261306532
1,6166,7.5,0.5,0.04851,0.003031398659966499
1,6166,8.0,0.5,0.04964,0.003277989949748743
1,6166,8.5,0.5,0.05075,0.003530251256281406
1,6166,9.0,0.5,0.05185,0.0037880234505862642
1,6166,9.5,0.5,0.05294,0.004051340033500837
1,6166,10.0,0.5,0.05402,0.0043200670016750415
1,6166,10.5,0.5,0.05509,0.004594237855946398
1,6166,11.0,0.5,0.05614,0.004873701842546063
1,6166,11.5,0.5,0.05718,0.005158446398659966
1,6166,12.0,0.5,0.05822,0.005448375209380234
1,6166,12.5,0.5,0.05926,0.00574357202680067
1,6166,13.0,0.5,0.06029,0.006043936348408709
1,6166,13.5,0.5,0.06133,0.006349526800670016
1,6166,14.0,0.5,0.06238,0.006660335008375208
1,6166,14.5,0.5,0.06344,0.006976478224455611
1,6166,15.0,0.5,0.06452,0.007297956448911221
1,6166,15.5,0.5,0.06561,0.0076249329983249575
1,6166,16.0,0.5,0.06672,0.007957386934673367
1,6166,16.5,0.5,0.06786,0.008295540201005026
1,6166,17.0,0.5,0.06903,0.008639447236180904
1,6166,17.5,0.5,0.07022,0.008989338358458962
1,6166,18.0,0.5,0.07144,0.009345226130653266
1,6166,18.5,0.5,0.07269,0.009707378559463986
1,6166,19.0,0.5,0.07398,0.010075845896147404
1,6166,19.5,0.5,0.07529,0.010450921273031826
1,6166,20.0,0.5,0.07663,0.010832579564489112
1,6166,20.5,0.5,0.078,0.011221122278056953
1,6166,21.0,0.5,0.07941,0.011616566164154102
1,6166,21.5,0.5,0.08084,0.012019237855946396
1,6166,22.0,0.5,0.0823,0.012429078726968173
1,6166,22.5,0.5,0.08379,0.01284642378559464
1,6166,23.0,0.5,0.0853,0.013271222780569513
1,6166,23.5,0.5,0.08685,0.013703785594639865
1,6166,24.0,0.5,0.08842,0.014144120603015075
1,6166,24.5,0.5,0.09001,0.01459246231155779
1,6166,25.0,0.5,0.09164,0.015048810720268006
1,6166,25.5,0.5,0.09329,0.015513492462311557
1,6166,26.0,0.5,0.09496,0.01598643216080402
1,6166,26.5,0.5,0.09666,0.016467918760469012
1,6166,27.0,0.5,0.0984,0.016957956448911224
1,6166,27.5,0.5,0.10016,0.017456888609715244
1,6166,28.0,0.5,0.10195,0.01796463986599665
1,6166,28.5,0.5,0.10377,0.018481561976549415
1,6166,29.0,0.5,0.10563,0.019007621440536016
1,6166,29.5,0.5,0.10752,0.01954321608040201
1,6166,30.0,0.5,0.10945,0.020088291457286436
1,6166,30.5,0.5,0.11142,0.020643283082077055
1,6166,31.0,0.5,0.11344,0.021208174204355112
1,6166,31.5,0.5,0.1155,0.021783446398659964
1,6166,32.0,0.5,0.11761,0.022369061976549417
1,6166,32.5,0.5,0.11977,0.022965540201005025
1,6166,33.0,0.5,0.12199,0.0235728810720268
1,6166,33.5,0.5,0.12427,0.024191670854271357
1,6166,34.0,0.5,0.1266,0.024821909547738694
1,6166,34.5,0.5,0.12899,0.025464137353433832
1,6166,35.0,0.5,0.13145,0.026118408710217755
1,6166,35.5,0.5,0.13396,0.026785318257956447
1,6166,36.0,0.5,0.13654,0.027464857621440533
1,6166,36.5,0.5,0.13917,0.028157654941373532
1,6166,37.0,0.5,0.14187,0.02886366834170854
1,6166,37.5,0.5,0.14461,0.029583538525963144
1,6166,38.0,0.5,0.14741,0.03031713567839196
1,6166,38.5,0.5,0.15027,0.031065146566164152
1,6166,39.0,0.5,0.15317,0.03182745393634841
1,6166,39.5,0.5,0.15613,0.032604652428810714
1,6166,40.0,0.5,0.15913,0.033396666666666665
1,6166,40.5,0.5,0.1622,0.03420407872696818
1,6166,41.0,0.5,0.16533,0.03502691792294807
1,6166,41.5,0.5,0.16852,0.03586578726968174
1,6166,42.0,0.5,0.17181,0.03672075376884422
1,6166,42.5,0.5,0.17518,0.03759264656616415
1,6166,43.0,0.5,0.17867,0.03848155778894473
1,6166,43.5,0.5,0.18229,0.03938854690117253
1,6166,44.0,0.5,0.18605,0.04031385259631491
1,6166,44.5,0.5,0.18997,0.04125867252931323
1,6166,45.0,0.5,0.19408,0.04222341708542714
1,6166,45.5,0.5,0.19838,0.04320954355108878
1,6166,46.0,0.5,0.20291,0.044217571189279735
1,6166,46.5,0.5,0.20768,0.04524924623115579
1,6166,47.0,0.5,0.2127,0.04630522613065327
1,6166,47.5,0.5,0.218,0.047387416247906204
1,6166,48.0,0.5,0.22359,0.04849666666666667
1,6166,48.5,0.5,0.2295,0.049635100502512554
1,6166,49.0,0.5,0.23573,0.05080373534338359
1,6166,49.5,0.5,0.24232,0.052004865996649906
1,6166,50.0,0.5,0.24927,0.05323971524288107
1,6166,50.5,0.5,0.25661,0.05451075795644891
1,6166,51.0,0.5,0.26436,0.05581939698492462
1,6166,51.5,0.5,0.27254,0.05716837102177554
1,6166,52.0,0.5,0.28117,0.05855924623115578
1,6166,52.5,0.5,0.29028,0.05999501675041875
1,6166,53.0,0.5,0.29987,0.06147743718592965
1,6166,53.5,0.5,0.30999,0.06300969430485762
1,6166,54.0,0.5,0.32065,0.06459381909547739
1,6166,54.5,0.5,0.33188,0.06623327470686767
1,6166,55.0,0.5,0.3437,0.06793028475711893
1,6166,55.5,0.5,0.35614,0.06968859715242881
1,6166,56.0,0.5,0.36922,0.07151065326633166
1,6166,56.5,0.5,0.38297,0.07340048576214406
1,6166,57.0,0.5,0.39741,0.07536075376884423
1,6166,57.5,0.5,0.41257,0.07739577470686768
1,6166,58.0,0.5,0.42848,0.07950844221105528
1,6166,58.5,0.5,0.44515,0.08170338358458962
1,6166,59.0,0.5,0.46261,0.08398363484087103
1,6166,59.5,0.5,0.48089,0.08635411641541037
1,6166,60.0,0.5,0.5,0.08881809045226131
1,6166,60.5,0.5,0.51998,0.091380716080402
1,6166,61.0,0.5,0.54083,0.09404547738693468
1,6166,61.5,0.5,0.56258,0.0968177135678392
1,6166,62.0,0.5,0.58526,0.0997011055276382
1,6166,62.5,0.5,0.60886,0.10270126046901172
1,6166,63.0,0.5,0.63341,0.10582189279731993
1,6166,63.5,0.5,0.65891,0.10906878140703517
1,6166,64.0,0.5,0.68537,0.11244571189279733
1,6166,64.5,0.5,0.7128,0.11595855108877721
1,6166,65.0,0.5,0.74119,0.11961113902847573
1,6166,65.5,0.5,0.77053,0.12340928391959799
1,6166,66.0,0.5,0.80083,0.12735676716917924
1,6166,66.5,0.5,0.83206,0.13145937185929646
1,6166,67.0,0.5,0.86421,0.13572072026800672
1,6166,67.5,0.5,0.89728,0.1401464405360134
1,6166,68.0,0.5,0.93125,0.14474011725293134
1,6166,68.5,0.5,0.96612,0.14950724455611392
1,6166,69.0,0.5,1.00189,0.15445137353433838
1,6166,69.5,0.5,1.03857,0.15957801926298157
1,6166,70.0,0.5,1.07616,0.16489078726968176
1,6166,70.5,0.5,1.11468,0.17039526381909545
1,6166,71.0,0.5,1.15416,0.17609520938023454
1,6166,71.5,0.5,1.19461,0.1819964907872697
1,6166,72.0,0.5,1.23605,0.1881029983249581
1,6166,72.5,0.5,1.27848,0.19442076214405357
1,6166,73.0,0.5,1.32192,0.20095373534338357
1,6166,73.5,0.5,1.36634,0.20770801926298155
1,6166,74.0,0.5,1.41171,0.21468738693467335
1,6166,74.5,0.5,1.45799,0.22189756700167498
1,6166,75.0,0.5,1.50512,0.2293419765494137
1,6166,75.5,0.5,1.55303,0.23702567839195976
1,6166,76.0,0.5,1.60165,0.2449515075376884
1,6166,76.5,0.5,1.65092,0.2531237269681742
1,6166,77.0,0.5,1.70077,0.26154463986599663
1,6166,77.5,0.5,1.75118,0.2702178224455611
1,6166,78.0,0.5,1.80215,0.2791453768844221
1,6166,78.5,0.5,1.85371,0.2883308835845896
1,6166,79.0,0.5,1.90593,0.2977767336683417
1,6166,79.5,0.5,1.9589,0.30748725293132323
1,6166,80.0,0.5,2.01279,0.31746571189279726
1,6166,80.5,0.5,2.06776,0.32771817420435506
1,6166,81.0,0.5,2.12402,0.3382493802345058
1,6166,81.5,0.5,2.18182,0.3490677931323283
1,6166,82.0,0.5,2.2414,0.36018020100502507
1,6166,82.5,0.5,2.30304,0.3715979941373534
1,6166,83.0,0.5,2.36701,0.3833302345058626
1,6166,83.5,0.5,2.43359,0.39539152847571185
1,6166,84.0,0.5,2.50304,0.40779323283082075
1,6166,84.5,0.5,2.57559,0.4205529983249582
1,6166,85.0,0.5,2.65145,0.43368410385259626
1,6166,85.5,0.5,2.73079,0.4472066373534338
1,6166,86.0,0.5,2.8137,0.4611352093802345
1,6166,86.5,0.5,2.90022,0.4754910929648241
1,6166,87.0,0.5,2.99027,0.49028906197654937
1,6166,87.5,0.5,3.08365,0.5055495519262981
1,6166,88.0,0.5,3.18004,0.5212855611390285
1,6166,88.5,0.5,3.2789,0.5375136641541038
1,6166,89.0,0.5,3.37955,0.5542423283082077
1,6166,89.5,0.5,3.48115,0.5714802303182579
1,6166,90.0,0.5,3.5828,0.5892288442211056
1,6166,90.5,0.5,3.68382,0.6074869304857622
1,6166,91.0,0.5,3.78423,0.6262511390284757
1,6166,91.5,0.5,3.88544,0.6455213232830821
1,6166,92.0,0.5,3.99123,0.665308458961474
1,6166,92.5,0.5,4.10817,0.6856556155778895
1,6166,93.0,0.5,4.24416,0.7066285092127302
1,6166,93.5,0.5,4.40173,0.7283476968174204
1,6166,94.0,0.5,4.56475,0.7508761306532662
1,6166,94.5,0.5,4.68756,0.77413810720268
1,6166,95.0,0.5,4.71219,0.7978228308207703
1,6166,95.5,0.5,4.61773,0.8212885636515911
1,6166,96.0,0.5,4.44541,0.8441017587939699
1,6166,96.5,0.5,4.26224,0.8659759380234505
1,6166,97.0,0.5,4.11428,0.8869973199329982
1,6166,97.5,0.5,4.01571,0.9074141541038525
1,6166,98.0,0.5,3.96065,0.9274290954773868
1,6166,98.5,0.5,3.9321,0.9472569681742041
1,6166,99.0,0.5,3.89404,0.9669317587939698
1,6166,99.5,0.5,3.79888,0.9862774748743719
1,6166,100.0,0.5,3.65168,1.0050242881072025
1,6165,0.0,5000.0,0.01691,0.0
1,6165,5000.0,5000.0,0.0176,8.670854271356784e-05
1,6165,10000.0,5000.0,0.01832,0.00017693467336683417
1,6165,15000.0,5000.0,0.01907,0.00027087939698492466
1,6165,20000.0,5000.0,0.01987,0.000368676716917923
1,6165,25000.0,5000.0,0.02071,0.00047064070351758797
1,6165,30000.0,5000.0,0.02159,0.0005768844221105527
1,6165,35000.0,5000.0,0.02252,0.000687713567839196
1,6165,40000.0,5000.0,0.02351,0.0008033165829145728
1,6165,45000.0,5000.0,0.02455,0.000924074539363484
1,6165,50000.0,5000.0,0.02565,0.0010501507537688441
1,6165,55000.0,5000.0,0.02682,0.0011819849246231153
1,6165,60000.0,5000.0,0.02805,0.0013197989949748743
1,6165,65000.0,5000.0,0.02936,0.001464036850921273
1,6165,70000.0,5000.0,0.03075,0.00161500837520938
1,6165,75000.0,5000.0,0.03223,0.0017732370184254604
1,6165,80000.0,5000.0,0.0338,0.0019390787269681746
1,6165,85000.0,5000.0,0.03547,0.002113107202680067
1,6165,90000.0,5000.0,0.03725,0.002295745393634841
1,6165,95000.0,5000.0,0.03915,0.002487684254606365
1,6165,100000.0,5000.0,0.04118,0.002689430485762144
1,6165,105000.0,5000.0,0.04334,0.0029017713567839193
1,6165,110000.0,5000.0,0.04565,0.0031252596314907876
1,6165,115000.0,5000.0,0.04813,0.0033608584589614743
1,6165,120000.0,5000.0,0.05077,0.003609246231155779
1,6165,125000.0,5000.0,0.05361,0.003871461474036851
1,6165,130000.0,5000.0,0.05664,0.004148358458961474
1,6165,135000.0,5000.0,0.0599,0.004441109715242882
1,6165,140000.0,5000.0,0.06339,0.004750753768844221
1,6165,145000.0,5000.0,0.06713,0.005078622278056952
1,6165,150000.0,5000.0,0.07115,0.005425896147403685
1,6165,155000.0,5000.0,0.07545,0.005794166666666666
1,6165,160000.0,5000.0,0.08007,0.0061847236180904526
1,6165,165000.0,5000.0,0.08503,0.006599468174204356
1,6165,170000.0,5000.0,0.09034,0.007039882747068677
1,6165,175000.0,5000.0,0.09602,0.007508036013400334
1,6165,180000.0,5000.0,0.10211,0.008005594639865997
1,6165,185000.0,5000.0,0.10861,0.00853495393634841
1,6165,190000.0,5000.0,0.11555,0.00909788944723618
1,6165,195000.0,5000.0,0.12295,0.009697039363484088
1,6165,200000.0,5000.0,0.13082,0.010334355108877721
1,6165,205000.0,5000.0,0.13917,0.011012621440536012
1,6165,210000.0,5000.0,0.14801,0.011733869346733667
1,6165,215000.0,5000.0,0.15733,0.012500958961474037
1,6165,220000.0,5000.0,0.16714,0.013315896147403684
1,6165,225000.0,5000.0,0.17743,0.014181557788944723
1,6165,230000.0,5000.0,0.18816,0.015099849246231154
1,6165,235000.0,5000.0,0.19932,0.016073329145728642
1,6165,240000.0,5000.0,0.21086,0.017103701842546063
1,6165,245000.0,5000.0,0.22273,0.018193056951423786
1,6165,250000.0,5000.0,0.23488,0.019342663316582916
1,6165,255000.0,5000.0,0.24723,0.020553961474036854
1,6165,260000.0,5000.0,0.25973,0.021827638190954773
1,6165,265000.0,5000.0,0.27227,0.023164334170854273
1,6165,270000.0,5000.0,0.28479,0.024563986599664994
1,6165,275000.0,5000.0,0.29721,0.026026344221105533
1,6165,280000.0,5000.0,0.30944,0.02755070351758794
1,6165,285000.0,5000.0,0.32141,0.02913582914572865
1,6165,290000.0,5000.0,0.33306,0.03078041876046901
1,6165,295000.0,5000.0,0.34435,0.0324825460636516
1,6165,300000.0,5000.0,0.35524,0.03424055276381909
1,6165,305000.0,5000.0,0.36572,0.036052106365159126
1,6165,310000.0,5000.0,0.3758,0.037915460636515914
1,6165,315000.0,5000.0,0.38551,0.039828383584589615
1,6165,320000.0,5000.0,0.39489,0.04178938023450587
1,6165,325000.0,5000.0,0.40399,0.043796679229480745
1,6165,330000.0,5000.0,0.4129,0.045849262981574546
1,6165,335000.0,5000.0,0.4217,0.04794627721943049
1,6165,340000.0,5000.0,0.43048,0.05008742043551089
1,6165,345000.0,5000.0,0.43934,0.052272885259631495
1,6165,350000.0,5000.0,0.44837,0.05450318257956449
1,6165,355000.0,5000.0,0.45769,0.05677965242881073
1,6165,360000.0,5000.0,0.46738,0.05910370184254606
1,6165,365000.0,5000.0,0.47755,0.061477788944723624
1,6165,370000.0,5000.0,0.48827,0.06390412060301508
1,6165,375000.0,5000.0,0.49965,0.06638617671691792
1,6165,380000.0,5000.0,0.51177,0.06892696817420435
1,6165,385000.0,5000.0,0.52472,0.07153102177554439
1,6165,390000.0,5000.0,0.5386,0.07420209380234505
1,6165,395000.0,5000.0,0.5535,0.07694583333333332
1,6165,400000.0,5000.0,0.56952,0.07976678391959799
1,6165,405000.0,5000.0,0.58679,0.08267180067001674
1,6165,410000.0,5000.0,0.60542,0.08566644891122278
1,6165,415000.0,5000.0,0.62556,0.08875901591289782
1,6165,420000.0,5000.0,0.64734,0.09195623115577889
1,6165,425000.0,5000.0,0.67094,0.09526806951423786
1,6165,430000.0,5000.0,0.69652,0.09870266331658291
1,6165,435000.0,5000.0,0.72423,0.10227190117252932
1,6165,440000.0,5000.0,0.75425,0.10598522613065325
1,6165,445000.0,5000.0,0.78672,0.10985646566164155
1,6165,450000.0,5000.0,0.82176,0.11389626465661641
1,6165,455000.0,5000.0,0.85945,0.11811983249581239
1,6165,460000.0,5000.0,0.89982,0.12253844221105528
1,6165,465000.0,5000.0,0.94285,0.12716769681742043
1,6165,470000.0,5000.0,0.9885,0.13201871021775544
1,6165,475000.0,5000.0,1.03672,0.1371066541038526
1,6165,480000.0,5000.0,1.08759,0.14244244556113903
1,6165,485000.0,5000.0,1.14145,0.14804235762144055
1,6165,490000.0,5000.0,1.19919,0.15392080402010053
1,6165,495000.0,5000.0,1.26265,0.1601048701842546
1,6165,500000.0,5000.0,1.33508,0.1666257788944724
1,6165,505000.0,5000.0,1.42145,0.1735481909547739
1,6165,510000.0,5000.0,1.5275,0.18094467336683417
1,6165,515000.0,5000.0,1.65591,0.18893852596314908
1,6165,520000.0,5000.0,1.7978,0.19760956448911227
1,6165,525000.0,5000.0,1.92584,0.20697222361809045
1,6165,530000.0,5000.0,2.00528,0.21688333333333334
1,6165,535000.0,5000.0,2.02496,0.22702101758793972
1,6165,540000.0,5000.0,2.00979,0.23717631490787272
1,6165,545000.0,5000.0,1.99515,0.24723561557788945
1,6165,550000.0,5000.0,2.00116,0.25726266331658293
1,6165,555000.0,5000.0,2.03084,0.26738868927973203
1,6165,560000.0,5000.0,2.07909,0.27770422110552767
1,6165,565000.0,5000.0,2.13942,0.2883015829145729
1,6165,570000.0,5000.0,2.20642,0.29921710217755443
1,6165,575000.0,5000.0,2.27606,0.3104793927973199
1,6165,580000.0,5000.0,2.34542,0.32209160804020104
1,6165,585000.0,5000.0,2.41243,0.33404664991624794
1,6165,590000.0,5000.0,2.47564,0.34633077051926303
1,6165,595000.0,5000.0,2.53424,0.35891939279731994
1,6165,600000.0,5000.0,2.58806,0.3717925125628141
1,6165,605000.0,5000.0,2.63755,0.3849229815745394
1,6165,610000.0,5000.0,2.68355,0.39829470686767177
1,6165,615000.0,5000.0,2.72671,0.41188884840871026
1,6165,620000.0,5000.0,2.76635,0.4256929313232832
1,6165,625000.0,5000.0,2.79957,0.43967939279731993
1,6165,630000.0,5000.0,2.82193,0.453811122278057
1,6165,635000.0,5000.0,2.83059,0.46801636097152427
1,6165,640000.0,5000.0,2.82725,0.482239162479062
1,6165,645000.0,5000.0,2.81709,0.4964216792294808
1,6165,650000.0,5000.0,2.805,0.5105483919597991
1,6165,655000.0,5000.0,2.79306,0.524613756281407
1,6165,660000.0,5000.0,2.78045,0.5386182244556114
1,6165,665000.0,5000.0,2.76469,0.552551662479062
1,6165,670000.0,5000.0,2.7428,0.5663937855946398
1,6165,675000.0,5000.0,2.71233,0.5801020938023451
1,6165,680000.0,5000.0,2.67207,0.5936369849246231
1,6165,685000.0,5000.0,2.62236,0.6069413819095478
1,6165,690000.0,5000.0,2.5648,0.6199792127303183
1,6165,695000.0,5000.0,2.50177,0.6327101005025125
1,6165,700000.0,5000.0,2.43567,0.6451174874371861
1,6165,705000.0,5000.0,2.36854,0.6571883249581241
1,6165,710000.0,5000.0,2.30181,0.6689225795644892
1,6165,715000.0,5000.0,2.23635,0.6803245854271357
1,6165,720000.0,5000.0,2.17258,0.6914012897822447
1,6165,725000.0,5000.0,2.11059,0.7021625795644891
1,6165,730000.0,5000.0,2.05027,0.7126160469011726
1,6165,735000.0,5000.0,1.99137,0.722770582077052
1,6165,740000.0,5000.0,1.93362,0.7326317420435512
1,6165,745000.0,5000.0,1.87672,0.7422052470686769
1,6165,750000.0,5000.0,1.82044,0.7514942881072028
1,6165,755000.0,5000.0,1.76458,0.7605017462311559
1,6165,760000.0,5000.0,1.70905,0.769229313232831
1,6165,765000.0,5000.0,1.65385,0.7776786809045227
1,6165,770000.0,5000.0,1.59905,0.7858515912897823
1,6165,775000.0,5000.0,1.54478,0.7937504773869347
1,6165,780000.0,5000.0,1.49121,0.8013781909547739
1,6165,785000.0,5000.0,1.43855,0.8087391247906199
1,6165,790000.0,5000.0,1.38697,0.8158377889447237
1,6165,795000.0,5000.0,1.33663,0.8226806658291458
1,6165,800000.0,5000.0,1.28766,0.8292735510887772
1,6165,805000.0,5000.0,1.24015,0.8356244556113903
1,6165,810000.0,5000.0,1.19415,0.8417398994974875
1,6165,815000.0,5000.0,1.14968,0.8476285343383586
1,6165,820000.0,5000.0,1.10674,0.8532970351758794
1,6165,825000.0,5000.0,1.06533,0.8587541122278057
1,6165,830000.0,5000.0,1.02544,0.8640064154103854
1,6165,835000.0,5000.0,0.98705,0.8690625460636516
1,6165,840000.0,5000.0,0.95016,0.873929028475712
1,6165,845000.0,5000.0,0.91477,0.8786144053601341
1,6165,850000.0,5000.0,0.88088,0.8831252093802345
1,6165,855000.0,5000.0,0.84849,0.8874699832495814
1,6165,860000.0,5000.0,0.81757,0.8916552093802346
1,6165,865000.0,5000.0,0.78811,0.8956892085427136
1,6165,870000.0,5000.0,0.76007,0.8995782914572864
1,6165,875000.0,5000.0,0.73341,0.9033303978224456
1,6165,880000.0,5000.0,0.70806,0.9069514405360134
1,6165,885000.0,5000.0,0.68396,0.9104486474036851
1,6165,890000.0,5000.0,0.66104,0.9138273869346734
1,6165,895000.0,5000.0,0.6392,0.9170940326633166
1,6165,900000.0,5000.0,0.61837,0.9202531993299833
1,6165,905000.0,5000.0,0.59846,0.923310309882747
1,6165,910000.0,5000.0,0.5794,0.9262692964824122
1,6165,915000.0,5000.0,0.56109,0.9291346398659966
1,6165,920000.0,5000.0,0.54348,0.9319095644891123
1,6165,925000.0,5000.0,0.52649,0.9345977554438861
1,6165,930000.0,5000.0,0.51006,0.9372018592964825
1,6165,935000.0,5000.0,0.49413,0.939724798994975
1,6165,940000.0,5000.0,0.47866,0.9421687604690118
1,6165,945000.0,5000.0,0.46359,0.9445360971524289
1,6165,950000.0,5000.0,0.44889,0.9468285762144055
1,6165,955000.0,5000.0,0.43453,0.9490481113902849
1,6165,960000.0,5000.0,0.42047,0.9511962144053602
1,6165,965000.0,5000.0,0.4067,0.9532744221105528
1,6165,970000.0,5000.0,0.39319,0.9552840871021776
1,6165,975000.0,5000.0,0.37992,0.957226474036851
1,6165,980000.0,5000.0,0.3669,0.9591027973199331
1,6165,985000.0,5000.0,0.35411,0.9609142881072028
1,6165,990000.0,5000.0,0.34155,0.9626620770519263
1,6165,995000.0,5000.0,0.32923,0.9643473576214406
1,6165,1000000.0,5000.0,0.31714,0.9659713065326634
1,6161,0.0,200.0,0.00306,0.0
1,6161,200.0,200.0,0.00319,1.57035175879397e-05
1,6161,400.0,200.0,0.00333,3.207705192629816e-05
1,6161,600.0,200.0,0.00348,4.9187604690117255e-05
1,6161,800.0,200.0,0.00363,6.705192629815746e-05
1,6161,1000.0,200.0,0.0038,8.571189279731993e-05
1,6161,1200.0,200.0,0.00397,0.00010524288107202681
1,6161,1400.0,200.0,0.00416,0.0001256532663316583
1,6161,1600.0,200.0,0.00436,0.00014706867671691794
1,6161,1800.0,200.0,0.00457,0.00016948911222780573
1,6161,2000.0,200.0,0.00479,0.00019301507537688444
1,6161,2200.0,200.0,0.00503,0.0002176675041876047
1,6161,2400.0,200.0,0.00529,0.00024360134003350084
1,6161,2600.0,200.0,0.00556,0.0002708458961474037
1,6161,2800.0,200.0,0.00586,0.00029953098827470686
1,6161,3000.0,200.0,0.00617,0.000329748743718593
1,6161,3200.0,200.0,0.00651,0.00036159128978224456
1,6161,3400.0,200.0,0.00687,0.0003952051926298158
1,6161,3600.0,200.0,0.00725,0.0004306700167504188
1,6161,3800.0,200.0,0.00767,0.00046814489112227806
1,6161,4000.0,200.0,0.00811,0.0005077889447236181
1,6161,4200.0,200.0,0.00859,0.0005497278056951425
1,6161,4400.0,200.0,0.00911,0.0005941876046901172
1,6161,4600.0,200.0,0.00966,0.0006413316582914573
1,6161,4800.0,200.0,0.01026,0.000691356783919598
1,6161,5000.0,200.0,0.01091,0.0007445309882747069
1,6161,5200.0,200.0,0.0116,0.0008010720268006701
1,6161,5400.0,200.0,0.01235,0.0008612227805695143
1,6161,5600.0,200.0,0.01316,0.0009252931323283082
1,6161,5800.0,200.0,0.01404,0.000993605527638191
1,6161,6000.0,200.0,0.01498,0.0010664991624790622
1,6161,6200.0,200.0,0.01601,0.0011443216080402013
1,6161,6400.0,200.0,0.01712,0.0012275376884422111
1,6161,6600.0,200.0,0.01832,0.001316536850921273
1,6161,6800.0,200.0,0.01963,0.0014118425460636515
1,6161,7000.0,200.0,0.02104,0.0015139865996649914
1,6161,7200.0,200.0,0.02257,0.0016235008375209382
1,6161,7400.0,200.0,0.02424,0.00174106365159129
1,6161,7600.0,200.0,0.02605,0.001867353433835846
1,6161,7800.0,200.0,0.02801,0.0020031281407035177
1,6161,8000.0,200.0,0.03015,0.0021491624790619768
1,6161,8200.0,200.0,0.03247,0.0023064447236180907
1,6161,8400.0,200.0,0.035,0.0024758458961474036
1,6161,8600.0,200.0,0.03775,0.0026585762144053604
1,6161,8800.0,200.0,0.04074,0.002855644891122278
1,6161,9000.0,200.0,0.04401,0.0030685092127303187
1,6161,9200.0,200.0,0.04756,0.0032984254606365157
1,6161,9400.0,200.0,0.05144,0.003547072864321608
1,6161,9600.0,200.0,0.05566,0.0038159798994974875
1,6161,9800.0,200.0,0.06027,0.004107144053601341
1,6161,10000.0,200.0,0.0653,0.004422412060301507
1,6161,10200.0,200.0,0.07079,0.004764212730318258
1,6161,10400.0,200.0,0.07678,0.005134706867671692
1,6161,10600.0,200.0,0.08333,0.005536834170854272
1,6161,10800.0,200.0,0.09047,0.005973182579564489
1,6161,11000.0,200.0,0.09827,0.006447215242881073
1,6161,11200.0,200.0,0.1068,0.006962043551088777
1,6161,11400.0,200.0,0.11611,0.007521909547738694
1,6161,11600.0,200.0,0.12628,0.008130418760469013
1,6161,11800.0,200.0,0.1374,0.008792684254606368
1,6161,12000.0,200.0,0.14955,0.009513048576214406
1,6161,12200.0,200.0,0.16282,0.010297613065326632
1,6161,12400.0,200.0,0.17732,0.011151490787269682
1,6161,12600.0,200.0,0.19317,0.012082035175879398
1,6161,12800.0,200.0,0.21048,0.013095343383584592
1,6161,13000.0,200.0,0.22938,0.014200129815745397
1,6161,13200.0,200.0,0.25003,0.015403601340033502
1,6161,13400.0,200.0,0.27257,0.016716218592964825
1,6161,13600.0,200.0,0.29717,0.018146448911222784
1,6161,13800.0,200.0,0.32401,0.019706679229480738
1,6161,14000.0,200.0,0.35329,0.021406917922948077
1,6161,14200.0,200.0,0.38522,0.023261859296482414
1,6161,14400.0,200.0,0.42003,0.025283299832495814
1,6161,14600.0,200.0,0.45799,0.027488655778894474
1,6161,14800.0,200.0,0.49936,0.029891926298157453
1,6161,15000.0,200.0,0.54447,0.03251375209380235
1,6161,15200.0,200.0,0.5937,0.035370887772194305
1,6161,15400.0,200.0,0.64748,0.0384883877721943
1,6161,15600.0,200.0,0.70635,0.04188675041876047
1,6161,15800.0,200.0,0.77097,0.045597290619765495
1,6161,16000.0,200.0,0.84222,0.04964629815745394
1,6161,16200.0,200.0,0.92122,0.054075263819095484
1,6161,16400.0,200.0,1.00943,0.058920217755443885
1,6161,16600.0,200.0,1.10875,0.06423969430485763
1,6161,16800.0,200.0,1.22144,0.07008582914572865
1,6161,17000.0,200.0,1.34999,0.07654308207705192
1,6161,17200.0,200.0,1.4964,0.08368348408710218
1,6161,17400.0,200.0,1.6609,0.09161267587939699
1,6161,17600.0,200.0,1.83992,0.10040026800670017
1,6161,17800.0,200.0,2.02425,0.11010937185929648
1,6161,18000.0,200.0,2.19942,0.12072914572864323
1,6161,18200.0,200.0,2.3504,0.1321672822445561
1,6161,18400.0,200.0,2.46926,0.14429745393634844
1,6161,18600.0,200.0,2.56011,0.15693876884422112
1,6161,18800.0,200.0,2.63651,0.17000299832495813
1,6161,19000.0,200.0,2.71398,0.18344464824120602
1,6161,19200.0,200.0,2.80374,0.19729976549413739
1,6161,19400.0,200.0,2.91096,0.21165435092127305
1,6161,19600.0,200.0,3.03597,0.22658544388609717
1,6161,19800.0,200.0,3.17632,0.24219128140703516
1,6161,20000.0,200.0,3.32813,0.2585274539363484
1,6161,20200.0,200.0,3.48663,0.2756490326633166
1,6161,20400.0,200.0,3.64637,0.29357103852596317
1,6161,20600.0,200.0,3.80148,0.3122857537688442
1,6161,20800.0,200.0,3.94652,0.33176
1,6161,21000.0,200.0,4.07779,0.3519246566164154
1,6161,21200.0,200.0,4.19445,0.37271834170854273
1,6161,21400.0,200.0,4.29855,0.39405975293132334
1,6161,21600.0,200.0,4.39399,0.4159053433835846
1,6161,21800.0,200.0,4.4848,0.4382143886097153
1,6161,22000.0,200.0,4.57259,0.4609736515912898
1,6161,22200.0,200.0,4.65323,0.4841563609715244
1,6161,22400.0,200.0,4.71479,0.5077078224455611
1,6161,22600.0,200.0,4.74244,0.5314781742043552
1,6161,22800.0,200.0,4.72955,0.5553026298157454
1,6161,23000.0,200.0,4.6818,0.5789553266331658
1,6161,23200.0,200.0,4.60875,0.6023135175879397
1,6161,23400.0,200.0,4.51531,0.6252423241206031
1,6161,23600.0,200.0,4.4016,0.6476595644891123
1,6161,23800.0,200.0,4.26668,0.6694435887772194
1,6161,24000.0,200.0,4.1112,0.6905063316582915
1,6161,24200.0,200.0,3.93786,0.7107333961474038
1,6161,24400.0,200.0,3.75072,0.7300596984924624
1,6161,24600.0,200.0,3.55433,0.7484154857621441
1,6161,24800.0,200.0,3.35312,0.7657735343383586
1,6161,25000.0,200.0,3.15108,0.7821154648241206
1,6161,25200.0,200.0,2.95158,0.7974469346733669
1,6161,25400.0,200.0,2.75727,0.8117893886097153
1,6161,25600.0,200.0,2.57011,0.8251701675041877
1,6161,25800.0,200.0,2.39141,0.8376343592964824
1,6161,26000.0,200.0,2.22197,0.8492199497487438
1,6161,26200.0,200.0,2.06213,0.8599819388609715
1,6161,26400.0,200.0,1.91196,0.8699610720268007
1,6161,26600.0,200.0,1.7713,0.8792134798994976
1,6161,26800.0,200.0,1.63983,0.8877784757118928
1,6161,27000.0,200.0,1.51716,0.8957087604690115
1,6161,27200.0,200.0,1.40283,0.903040284757119
1,6161,27400.0,200.0,1.29637,0.909820540201005
1,6161,27600.0,200.0,1.19731,0.9160815242881073
1,6161,27800.0,200.0,1.1052,0.9218652596314907
1,6161,28000.0,200.0,1.01964,0.9272000335008377
1,6161,28200.0,200.0,0.94022,0.9321230108877722
1,6161,28400.0,200.0,0.86662,0.9366592294807372
1,6161,28600.0,200.0,0.79848,0.9408417546063652
1,6161,28800.0,200.0,0.73551,0.9446928140703519
1,6161,29000.0,200.0,0.6774,0.9482418257956449
1,6161,29200.0,200.0,0.62386,0.9515085092127306
1,6161,29400.0,200.0,0.57458,0.9545187814070353
1,6161,29600.0,200.0,0.5293,0.9572898827470688
1,6161,29800.0,200.0,0.48772,0.9598444514237857
1,6161,30000.0,200.0,0.44957,0.9621973366834172
1,6161,30200.0,200.0,0.41459,0.9643679438860973
1,6161,30400.0,200.0,0.38252,0.9663689447236182
1,6161,30600.0,200.0,0.35315,0.9682168006700169
1,6161,30800.0,200.0,0.32623,0.9699222948073702
1,6161,31000.0,200.0,0.30157,0.9714992001675042
1,6161,31200.0,200.0,0.27897,0.9729565996649918
1,6161,31400.0,200.0,0.25826,0.9743060134003351
1,6161,31600.0,200.0,0.23927,0.9755550586264657
1,6161,31800.0,200.0,0.22186,0.9767133249581241
1,6161,32000.0,200.0,0.20589,0.9777872194304857
1,6161,32200.0,200.0,0.19124,0.9787847319932999
1,6161,32400.0,200.0,0.17778,0.9797112227805695
1,6161,32600.0,200.0,0.16542,0.9805732705192631
1,6161,32800.0,200.0,0.15406,0.9813754103852596
1,6161,33000.0,200.0,0.14362,0.9821231197654943
1,6161,33200.0,200.0,0.13401,0.9828202177554438
1,6161,33400.0,200.0,0.12516,0.9834711976549415
1,6161,33600.0,200.0,0.11701,0.9840792797319933
1,6161,33800.0,200.0,0.10951,0.9846482453936349
1,6161,34000.0,200.0,0.10259,0.9851808542713567
1,6161,34200.0,200.0,0.0962,0.9856801675041877
1,6161,34400.0,200.0,0.0903,0.9861485092127303
1,6161,34600.0,200.0,0.08486,0.9865884631490789
1,6161,34800.0,200.0,0.07982,0.9870020435510888
1,6161,35000.0,200.0,0.07517,0.9873913232830821
1,6161,35200.0,200.0,0.07086,0.9877580904522614
1,6161,35400.0,200.0,0.06687,0.9881040117252933
1,6161,35600.0,200.0,0.06317,0.9884306365159131
1,6161,35800.0,200.0,0.05974,0.9887393299832496
1,6161,36000.0,200.0,0.05655,0.9890314405360136
1,6161,36200.0,200.0,0.0536,0.9893080737018425
1,6161,36400.0,200.0,0.05085,0.9895704690117254
1,6161,36600.0,200.0,0.04829,0.9898194430485763
1,6161,36800.0,200.0,0.04591,0.9900560971524289
1,6161,37000.0,200.0,0.0437,0.9902811306532661
1,6161,37200.0,200.0,0.04163,0.990495527638191
1,6161,37400.0,200.0,0.0397,0.9906997571189279
1,6161,37600.0,200.0,0.0379,0.9908947403685092
1,6161,37800.0,200.0,0.03621,0.9910808375209378
1,6161,38000.0,200.0,0.03464,0.9912588609715243
1,6161,38200.0,200.0,0.03316,0.9914291164154101
1,6161,38400.0,200.0,0.03177,0.9915922780569515
1,6161,38600.0,200.0,0.03047,0.9917485636515914
1,6161,38800.0,200.0,0.02924,0.9918986264656618
1,6161,39000.0,200.0,0.02809,0.9920425711892796
1,6161,39200.0,200.0,0.027,0.9921810385259633
1,6161,39400.0,200.0,0.02598,0.9923140494137354
1,6161,39600.0,200.0,0.02501,0.9924422278056952
1,6161,39800.0,200.0,0.02409,0.9925654899497489
1,6161,40000.0,200.0,0.02322,0.9926844221105529
1,6162,0.0,17000.0,0.0077,0.0
1,6162,17000.0,17000.0,0.00812,3.974874371859296e-05
1,6162,34000.0,17000.0,0.00856,8.164154103852598e-05
1,6162,51000.0,17000.0,0.00901,0.00012579145728643218
1,6162,68000.0,17000.0,0.00949,0.00017224455611390287
1,6162,85000.0,17000.0,0.01,0.00022121859296482413
1,6162,102000.0,17000.0,0.01053,0.0002727805695142379
1,6162,119000.0,17000.0,0.01108,0.0003270812395309883
1,6162,136000.0,17000.0,0.01167,0.0003842043551088777
1,6162,153000.0,17000.0,0.01229,0.0004444137353433836
1,6162,170000.0,17000.0,0.01295,0.000507788944723618
1,6162,187000.0,17000.0,0.01366,0.0005746524288107203
1,6162,204000.0,17000.0,0.01441,0.000645142378559464
1,6162,221000.0,17000.0,0.01522,0.0007195854271356784
1,6162,238000.0,17000.0,0.01609,0.0007982077051926297
1,6162,255000.0,17000.0,0.01704,0.0008814363484087102
1,6162,272000.0,17000.0,0.01806,0.0009695812395309882
1,6162,289000.0,17000.0,0.01918,0.0010631239530988275
1,6162,306000.0,17000.0,0.02039,0.0011624958123953098
1,6162,323000.0,17000.0,0.02171,0.0012682412060301509
1,6162,340000.0,17000.0,0.02316,0.0013809045226130655
1,6162,357000.0,17000.0,0.02474,0.0015012227805695146
1,6162,374000.0,17000.0,0.02647,0.0016297989949748746
1,6162,391000.0,17000.0,0.02836,0.0017675251256281407
1,6162,408000.0,17000.0,0.03043,0.0019151256281407037
1,6162,425000.0,17000.0,0.03269,0.002073676716917923
1,6162,442000.0,17000.0,0.03517,0.002244036850921273
1,6162,459000.0,17000.0,0.03788,0.002427533500837521
1,6162,476000.0,17000.0,0.04083,0.0026251423785594646
1,6162,493000.0,17000.0,0.04406,0.0028383710217755446
1,6162,510000.0,17000.0,0.04759,0.003068458961474037
1,6162,527000.0,17000.0,0.05144,0.0033172068676716915
1,6162,544000.0,17000.0,0.05563,0.0035860134003350085
1,6162,561000.0,17000.0,0.0602,0.003876955611390285
1,6162,578000.0,17000.0,0.06516,0.004191691792294808
1,6162,595000.0,17000.0,0.07056,0.004532587939698493
1,6162,612000.0,17000.0,0.07641,0.004901591289782245
1,6162,629000.0,17000.0,0.08276,0.005301386097152429
1,6162,646000.0,17000.0,0.08962,0.005734204355108879
1,6162,663000.0,17000.0,0.09702,0.006203006700167504
1,6162,680000.0,17000.0,0.105,0.006710251256281408
1,6162,697000.0,17000.0,0.11359,0.007259317420435511
1,6162,714000.0,17000.0,0.1228,0.007852897822445562
1,6162,731000.0,17000.0,0.13266,0.008494589614740368
1,6162,748000.0,17000.0,0.1432,0.009187303182579565
1,6162,765000.0,17000.0,0.15442,0.00993492462311558
1,6162,782000.0,17000.0,0.16634,0.010740435510887774
1,6162,799000.0,17000.0,0.17898,0.011607897822445564
1,6162,816000.0,17000.0,0.19235,0.012540452261306534
1,6162,833000.0,17000.0,0.20646,0.013542307370184256
1,6162,850000.0,17000.0,0.22132,0.014616683417085429
1,6162,867000.0,17000.0,0.23695,0.015767927135678393
1,6162,884000.0,17000.0,0.25337,0.016999413735343385
1,6162,901000.0,17000.0,0.27061,0.018315745393634845
1,6162,918000.0,17000.0,0.28873,0.019720586264656614
1,6162,935000.0,17000.0,0.30779,0.0212191541038526
1,6162,952000.0,17000.0,0.32788,0.0228156783919598
1,6162,969000.0,17000.0,0.34912,0.02451640703517588
1,6162,986000.0,17000.0,0.37166,0.026326599664991627
1,6162,1003000.0,17000.0,0.39569,0.02825425879396985
1,6162,1020000.0,17000.0,0.42142,0.030306231155778896
1,6162,1037000.0,17000.0,0.44912,0.032493048576214406
1,6162,1054000.0,17000.0,0.4791,0.03482381909547739
1,6162,1071000.0,17000.0,0.51172,0.037312696817420436
1,6162,1088000.0,17000.0,0.54736,0.03997179229480737
1,6162,1105000.0,17000.0,0.58646,0.04281978224455611
1,6162,1122000.0,17000.0,0.6295,0.04587246231155779
1,6162,1139000.0,17000.0,0.677,0.04915410385259631
1,6162,1156000.0,17000.0,0.72951,0.0526848743718593
1,6162,1173000.0,17000.0,0.7876,0.05649544807370184
1,6162,1190000.0,17000.0,0.85185,0.06061077051926299
1,6162,1207000.0,17000.0,0.92283,0.0650682663316583
1,6162,1224000.0,17000.0,1.00107,0.06989760469011727
1,6162,1241000.0,17000.0,1.08703,0.07514239530988276
1,6162,1258000.0,17000.0,1.18104,0.08083601340033503
1,6162,1275000.0,17000.0,1.28335,0.08702615159128979
1,6162,1292000.0,17000.0,1.39409,0.09374812395309884
1,6162,1309000.0,17000.0,1.51341,0.10105154103852597
1,6162,1326000.0,17000.0,1.6415,0.10897296482412061
1,6162,1343000.0,17000.0,1.77863,0.117564283919598
1,6162,1360000.0,17000.0,1.92512,0.1268643216080402
1,6162,1377000.0,17000.0,2.08122,0.13692842546063652
1,6162,1394000.0,17000.0,2.24706,0.1477974204355109
1,6162,1411000.0,17000.0,2.42247,0.15952790201005027
1,6162,1428000.0,17000.0,2.607,0.17215912897822447
1,6162,1445000.0,17000.0,2.79975,0.1857422989949749
1,6162,1462000.0,17000.0,2.99929,0.2003086934673367
1,6162,1479000.0,17000.0,3.20355,0.21589295644891127
1,6162,1496000.0,17000.0,3.40979,0.2325084924623116
1,6162,1513000.0,17000.0,3.61485,0.25015890284757125
1,6162,1530000.0,17000.0,3.81558,0.26883139028475717
1,6162,1547000.0,17000.0,4.00948,0.2884939530988275
1,6162,1564000.0,17000.0,4.19529,0.30911412060301513
1,6162,1581000.0,17000.0,4.37318,0.3306444765494138
1,6162,1598000.0,17000.0,4.54422,0.3530542043551089
1,6162,1615000.0,17000.0,4.709,0.3763047906197656
1,6162,1632000.0,17000.0,4.86577,0.4003674204355109
1,6162,1649000.0,17000.0,5.00896,0.4251819221105527
1,6162,1666000.0,17000.0,5.12928,0.45067041876046904
1,6162,1683000.0,17000.0,5.21597,0.47667163735343393
1,6162,1700000.0,17000.0,5.26052,0.5030216415410386
1,6162,1717000.0,17000.0,5.25951,0.5294634380234506
1,6162,1734000.0,17000.0,5.21392,0.5558063651591291
1,6162,1751000.0,17000.0,5.12655,0.5817958333333333
1,6162,1768000.0,17000.0,5.00117,0.60726581239531
1,6162,1785000.0,17000.0,4.8432,0.6320065284757119
1,6162,1802000.0,17000.0,4.65984,0.6558986599664992
1,6162,1819000.0,17000.0,4.45899,0.6788131030150756
1,6162,1836000.0,17000.0,4.24755,0.7006948911222781
1,6162,1853000.0,17000.0,4.03035,0.7214944221105528
1,6162,1870000.0,17000.0,3.81021,0.7411959966499164
1,6162,1887000.0,17000.0,3.589,0.7597869807370184
1,6162,1904000.0,17000.0,3.36865,0.7772677889447237
1,6162,1921000.0,17000.0,3.15153,0.7936491624790621
1,6162,1938000.0,17000.0,2.94015,0.8089510720268008
1,6162,1955000.0,17000.0,2.73672,0.8232126507537689
1,6162,1972000.0,17000.0,2.54277,0.8364716750418763
1,6162,1989000.0,17000.0,2.35912,0.8487857244556115
1,6162,2006000.0,17000.0,2.18606,0.8601991624790621
1,6162,2023000.0,17000.0,2.02352,0.8707737688442213
1,6162,2040000.0,17000.0,1.87124,0.8805532328308209
1,6162,2057000.0,17000.0,1.72885,0.8895966122278057
1,6162,2074000.0,17000.0,1.59597,0.8979445393634842
1,6162,2091000.0,17000.0,1.47215,0.9056514991624791
1,6162,2108000.0,17000.0,1.35697,0.9127544891122279
1,6162,2125000.0,17000.0,1.24998,0.9193029187604691
1,6162,2142000.0,17000.0,1.15074,0.9253300837520939
1,6162,2159000.0,17000.0,1.05877,0.9308801214405361
1,6162,2176000.0,17000.0,0.97366,0.9359824790619765
1,6162,2193000.0,17000.0,0.89494,0.9406761557788946
1,6162,2210000.0,17000.0,0.82222,0.9449869011725293
1,6162,2227000.0,17000.0,0.75508,0.9489488442211055
1,6162,2244000.0,17000.0,0.69317,0.9525844053601339
1,6162,2261000.0,17000.0,0.63612,0.9559233626465662
1,6162,2278000.0,17000.0,0.58361,0.9589851758793969
1,6162,2295000.0,17000.0,0.53533,0.9617957453936348
1,6162,2312000.0,17000.0,0.49099,0.9643719765494136
1,6162,2329000.0,17000.0,0.4503,0.966736310720268
1,6162,2346000.0,17000.0,0.413,0.9689032830820771
1,6162,2363000.0,17000.0,0.37883,0.9708921984924623
1,6162,2380000.0,17000.0,0.34755,0.9727154606365159
1,6162,2397000.0,17000.0,0.31893,0.9743895226130654
1,6162,2414000.0,17000.0,0.29275,0.9759248743718594
1,6162,2431000.0,17000.0,0.26881,0.9773354020100504
1,6162,2448000.0,17000.0,0.24693,0.978629932998325
1,6162,2465000.0,17000.0,0.22692,0.979820163316583
1,6162,2482000.0,17000.0,0.20862,0.9809134003350085
1,6162,2499000.0,17000.0,0.19189,0.981919417922948
1,6162,2516000.0,17000.0,0.17659,0.9828443383584591
1,6162,2533000.0,17000.0,0.1626,0.9836963358458962
1,6162,2550000.0,17000.0,0.14979,0.9844804857621441
1,6162,2567000.0,17000.0,0.13807,0.9852035510887773
1,6162,2584000.0,17000.0,0.12734,0.9858697822445562
1,6162,2601000.0,17000.0,0.11751,0.9864848199329985
1,6162,2618000.0,17000.0,0.10851,0.987052177554439
1,6162,2635000.0,17000.0,0.10026,0.987576595477387
1,6162,2652000.0,17000.0,0.09269,0.9880609547738695
1,6162,2669000.0,17000.0,0.08575,0.9885091876046901
1,6162,2686000.0,17000.0,0.07939,0.9889237353433837
1,6162,2703000.0,17000.0,0.07355,0.9893079229480738
1,6162,2720000.0,17000.0,0.06819,0.9896637353433837
1,6162,2737000.0,17000.0,0.06326,0.9899939489112228
1,6162,2754000.0,17000.0,0.05874,0.9903002010050252
1,6162,2771000.0,17000.0,0.05458,0.9905848827470688
1,6162,2788000.0,17000.0,0.05076,0.9908493132328309
1,6162,2805000.0,17000.0,0.04725,0.9910955402010051
1,6162,2822000.0,17000.0,0.04402,0.9913246566164154
1,6162,2839000.0,17000.0,0.04105,0.9915383793969851
1,6162,2856000.0,17000.0,0.03831,0.9917376046901173
1,6162,2873000.0,17000.0,0.0358,0.9919237897822446
1,6162,2890000.0,17000.0,0.03348,0.9920977219430487
1,6162,2907000.0,17000.0,0.03135,0.9922605904522614
1,6162,2924000.0,17000.0,0.02938,0.9924130653266333
1,6162,2941000.0,17000.0,0.02757,0.992556134840871
1,6162,2958000.0,17000.0,0.0259,0.9926903852596316
1,6162,2975000.0,17000.0,0.02436,0.9928166499162479
1,6162,2992000.0,17000.0,0.02294,0.9929354103852596
1,6162,3009000.0,17000.0,0.02163,0.9930473827470688
1,6162,3026000.0,17000.0,0.02042,0.9931529648241206
1,6162,3043000.0,17000.0,0.0193,0.9932527554438861
1,6162,3060000.0,17000.0,0.01826,0.993347068676717
1,6162,3077000.0,17000.0,0.01729,0.9934363860971523
1,6162,3094000.0,17000.0,0.01639,0.9935209547738694
1,6162,3111000.0,17000.0,0.01555,0.9936012060301509
1,6162,3128000.0,17000.0,0.01477,0.9936773366834172
1,6162,3145000.0,17000.0,0.01404,0.9937497278056954
1,6162,3162000.0,17000.0,0.01335,0.9938185092127303
1,6162,3179000.0,17000.0,0.0127,0.9938839656616416
1,6162,3196000.0,17000.0,0.01209,0.9939462144053601
1,6162,3213000.0,17000.0,0.01151,0.9940055192629816
1,6162,3230000.0,17000.0,0.01096,0.9940619430485762
1,6162,3247000.0,17000.0,0.01044,0.9941157202680068
1,6162,3264000.0,17000.0,0.00994,0.9941669011725294
1,6162,3281000.0,17000.0,0.00947,0.9942156742043552
1,6162,3298000.0,17000.0,0.00902,0.9942621105527639
1,6162,3315000.0,17000.0,0.00859,0.9943063609715244
1,6162,3332000.0,17000.0,0.00819,0.9943484924623116
1,6162,3349000.0,17000.0,0.0078,0.9943886809045225
1,6162,3366000.0,17000.0,0.00743,0.9944269179229481
1,6162,3383000.0,17000.0,0.00708,0.9944633877721942
1,6162,3400000.0,17000.0,0.00674,0.9944980904522615
1,6160,0.0,1250.0,0.01135,0.0
1,6160,1250.0,1250.0,0.01172,5.7964824120603014e-05
1,6160,2500.0,1250.0,0.01211,0.00011782244556113903
1,6160,3750.0,1250.0,0.01251,0.00017968592964824124
1,6160,5000.0,1250.0,0.01294,0.00024360134003350084
1,6160,6250.0,1250.0,0.01339,0.00030976549413735347
1,6160,7500.0,1250.0,0.01385,0.0003781909547738694
1,6160,8750.0,1250.0,0.01434,0.0004490201005025126
1,6160,10000.0,1250.0,0.01486,0.0005223618090452262
1,6160,11250.0,1250.0,0.0154,0.0005983961474036851
1,6160,12500.0,1250.0,0.01596,0.0006771691792294807
1,6160,13750.0,1250.0,0.01656,0.0007588735343383585
1,6160,15000.0,1250.0,0.01718,0.0008436348408710217
1,6160,16250.0,1250.0,0.01784,0.0009316122278056952
1,6160,17500.0,1250.0,0.01853,0.0010229815745393634
1,6160,18750.0,1250.0,0.01926,0.0011179145728643218
1,6160,20000.0,1250.0,0.02002,0.0012165996649916248
1,6160,21250.0,1250.0,0.02083,0.001319212730318258
1,6160,22500.0,1250.0,0.02168,0.0014260134003350083
1,6160,23750.0,1250.0,0.02258,0.0015371901172529312
1,6160,25000.0,1250.0,0.02354,0.0016530485762144052
1,6160,26250.0,1250.0,0.02454,0.0017738316582914574
1,6160,27500.0,1250.0,0.02561,0.0018997989949748743
1,6160,28750.0,1250.0,0.02674,0.002031314907872697
1,6160,30000.0,1250.0,0.02793,0.0021686432160804023
1,6160,31250.0,1250.0,0.0292,0.0023121608040201007
1,6160,32500.0,1250.0,0.03055,0.002462244556113903
1,6160,33750.0,1250.0,0.03198,0.0026193299832495817
1,6160,35000.0,1250.0,0.0335,0.0027838023450586264
1,6160,36250.0,1250.0,0.03512,0.0029561850921273032
1,6160,37500.0,1250.0,0.03685,0.0031369514237855945
1,6160,38750.0,1250.0,0.03869,0.0033267211055276378
1,6160,40000.0,1250.0,0.04065,0.003525996649916248
1,6160,41250.0,1250.0,0.04275,0.0037355067001675043
1,6160,42500.0,1250.0,0.045,0.003955896147403685
1,6160,43750.0,1250.0,0.0474,0.004188019262981574
1,6160,45000.0,1250.0,0.04998,0.004432579564489112
1,6160,46250.0,1250.0,0.05274,0.004690632328308209
1,6160,47500.0,1250.0,0.05571,0.004962981574539364
1,6160,48750.0,1250.0,0.0589,0.005250904522613067
1,6160,50000.0,1250.0,0.06233,0.00555534338358459
1,6160,51250.0,1250.0,0.06602,0.005877780569514239
1,6160,52500.0,1250.0,0.07001,0.006219363484087103
1,6160,53750.0,1250.0,0.0743,0.006581901172529315
1,6160,55000.0,1250.0,0.07895,0.006966700167504189
1,6160,56250.0,1250.0,0.08396,0.00737597152428811
1,6160,57500.0,1250.0,0.08938,0.007811206030150755
1,6160,58750.0,1250.0,0.09525,0.008275033500837522
1,6160,60000.0,1250.0,0.1016,0.008769296482412061
1,6160,61250.0,1250.0,0.10848,0.009297047738693467
1,6160,62500.0,1250.0,0.11592,0.009860485762144055
1,6160,63750.0,1250.0,0.12398,0.010463136515912897
1,6160,65000.0,1250.0,0.13271,0.011107638190954774
1,6160,66250.0,1250.0,0.14215,0.011798111390284756
1,6160,67500.0,1250.0,0.15236,0.012537571189279732
1,6160,68750.0,1250.0,0.16338,0.013330741206030151
1,6160,70000.0,1250.0,0.17528,0.014181055276381908
1,6160,71250.0,1250.0,0.18811,0.01509392797319933
1,6160,72500.0,1250.0,0.20194,0.01607328308207705
1,6160,73750.0,1250.0,0.21682,0.017125255443886097
1,6160,75000.0,1250.0,0.23283,0.01825427135678392
1,6160,76250.0,1250.0,0.25006,0.019467336683417085
1,6160,77500.0,1250.0,0.2686,0.02076963149078727
1,6160,78750.0,1250.0,0.28858,0.02216930067001675
1,6160,80000.0,1250.0,0.31014,0.023672579564489114
1,6160,81250.0,1250.0,0.33344,0.02528926716917923
1,6160,82500.0,1250.0,0.3587,0.02702701842546064
1,6160,83750.0,1250.0,0.38614,0.02889803601340034
1,6160,85000.0,1250.0,0.41602,0.030911909547738696
1,6160,86250.0,1250.0,0.44867,0.03308391959798995
1,6160,87500.0,1250.0,0.48442,0.035426348408710215
1,6160,88750.0,1250.0,0.52365,0.037958450586264667
1,6160,90000.0,1250.0,0.5668,0.04069572864321608
1,6160,91250.0,1250.0,0.61435,0.043662504187604693
1,6160,92500.0,1250.0,0.66683,0.046878358458961475
1,6160,93750.0,1250.0,0.72485,0.050373848408710224
1,6160,95000.0,1250.0,0.78908,0.054173685092127305
1,6160,96250.0,1250.0,0.86029,0.0583163149078727
1,6160,97500.0,1250.0,0.93932,0.06283291457286432
1,6160,98750.0,1250.0,1.02714,0.06777184673366834
1,6160,100000.0,1250.0,1.12486,0.07317251256281407
1,6160,101250.0,1250.0,1.23377,0.07909625628140703
1,6160,102500.0,1250.0,1.35542,0.08559355108877721
1,6160,103750.0,1250.0,1.49175,0.09274396984924625
1,6160,105000.0,1250.0,1.64515,0.10061460636515912
1,6160,106250.0,1250.0,1.81831,0.10931236599664992
1,6160,107500.0,1250.0,2.01363,0.11892619765494138
1,6160,108750.0,1250.0,2.23159,0.1295879773869347
1,6160,110000.0,1250.0,2.46808,0.14138527638190956
1,6160,111250.0,1250.0,2.71191,0.15440041038525965
1,6160,112500.0,1250.0,2.94542,0.16862336683417087
1,6160,113750.0,1250.0,3.15096,0.18394837939698494
1,6160,115000.0,1250.0,3.32058,0.20023113902847572
1,6160,116250.0,1250.0,3.46048,0.2172738567839196
1,6160,117500.0,1250.0,3.58553,0.2349849581239531
1,6160,118750.0,1250.0,3.70942,0.2533131239530988
1,6160,120000.0,1250.0,3.83871,0.27227460636515916
1,6160,121250.0,1250.0,3.97285,0.2919010175879396
1,6160,122500.0,1250.0,4.10726,0.31220319932998325
1,6160,123750.0,1250.0,4.23619,0.3331684254606366
1,6160,125000.0,1250.0,4.35433,0.3547598994974875
1,6160,126250.0,1250.0,4.45726,0.3769032077051927
1,6160,127500.0,1250.0,4.5415,0.399525175879397
1,6160,128750.0,1250.0,4.60474,0.4225102805695143
1,6160,130000.0,1250.0,4.64627,0.4457676046901173
1,6160,131250.0,1250.0,4.66664,0.4691712479061977
1,6160,132500.0,1250.0,4.66606,0.4926334170854272
1,6160,133750.0,1250.0,4.64237,0.5160267085427136
1,6160,135000.0,1250.0,4.59111,0.5392442211055276
1,6160,136250.0,1250.0,4.5089,0.5621152596314908
1,6160,137500.0,1250.0,4.39703,0.5845101172529313
1,6160,138750.0,1250.0,4.26127,0.6062689154103853
1,6160,140000.0,1250.0,4.10838,0.6273082579564491
1,6160,141250.0,1250.0,3.94365,0.6475415494137354
1,6160,142500.0,1250.0,3.77101,0.6669296817420437
1,6160,143750.0,1250.0,3.594,0.6854353098827471
1,6160,145000.0,1250.0,3.41596,0.7030485594639867
1,6160,146250.0,1250.0,3.23977,0.7197708710217757
1,6160,147500.0,1250.0,3.06744,0.735615527638191
1,6160,148750.0,1250.0,2.90017,0.7506083919597991
1,6160,150000.0,1250.0,2.7385,0.7647723450586266
1,6160,151250.0,1250.0,2.58263,0.7781408040201006
1,6160,152500.0,1250.0,2.43257,0.7907381574539364
1,6160,153750.0,1250.0,2.28832,0.8025984757118929
1,6160,155000.0,1250.0,2.14987,0.8137460636515913
1,6160,156250.0,1250.0,2.01726,0.8242150083752094
1,6160,157500.0,1250.0,1.89052,0.83402986599665
1,6160,158750.0,1250.0,1.76969,0.8432251256281408
1,6160,160000.0,1250.0,1.65478,0.8518256113902848
1,6160,161250.0,1250.0,1.5458,0.8598660175879397
1,6160,162500.0,1250.0,1.44267,0.8673710887772195
1,6160,163750.0,1250.0,1.34533,0.8743748869346735
1,6160,165000.0,1250.0,1.25363,0.8809014405360134
1,6160,166250.0,1250.0,1.16743,0.8869833375209379
1,6160,167500.0,1250.0,1.08654,0.8926432998324959
1,6160,168750.0,1250.0,1.01076,0.8979118132328309
1,6160,170000.0,1250.0,0.93988,0.9028098994974876
1,6160,171250.0,1250.0,0.87367,0.907365569514238
1,6160,172500.0,1250.0,0.8119,0.9115979396984926
1,6160,173750.0,1250.0,0.75435,0.9155323450586266
1,6160,175000.0,1250.0,0.70077,0.9191859966499164
1,6160,176250.0,1250.0,0.65096,0.9225814907872697
1,6160,177500.0,1250.0,0.60468,0.9257342211055277
1,6160,178750.0,1250.0,0.56172,0.928664149916248
1,6160,180000.0,1250.0,0.52188,0.9313848743718592
1,6160,181250.0,1250.0,0.48494,0.9339139405360134
1,6160,182500.0,1250.0,0.45073,0.9362632160804019
1,6160,183750.0,1250.0,0.41906,0.9384480653266332
1,6160,185000.0,1250.0,0.38975,0.9404788274706867
1,6160,186250.0,1250.0,0.36263,0.9423687479061976
1,6160,187500.0,1250.0,0.33756,0.9441267839195979
1,6160,188750.0,1250.0,0.31439,0.9457644304857622
1,6160,190000.0,1250.0,0.29297,0.9472894137353433
1,6160,191250.0,1250.0,0.27318,0.9487115326633165
1,6160,192500.0,1250.0,0.25489,0.9500374539363483
1,6160,193750.0,1250.0,0.23799,0.9512755234505863
1,6160,195000.0,1250.0,0.22237,0.9524314572864321
1,6160,196250.0,1250.0,0.20794,0.9535123534338358
1,6160,197500.0,1250.0,0.19461,0.9545231490787268
1,6160,198750.0,1250.0,0.18227,0.9554698450586265
1,6160,200000.0,1250.0,0.17087,0.9563565829145729
1,6160,201250.0,1250.0,0.16032,0.9571885175879397
1,6160,202500.0,1250.0,0.15056,0.957969162479062
1,6160,203750.0,1250.0,0.14152,0.9587028601340034
1,6160,205000.0,1250.0,0.13316,0.9593926130653267
1,6160,206250.0,1250.0,0.1254,0.960042123115578
1,6160,207500.0,1250.0,0.11821,0.9606538693467338
1,6160,208750.0,1250.0,0.11155,0.9612310343383585
1,6160,210000.0,1250.0,0.10537,0.9617757788944725
1,6160,211250.0,1250.0,0.09963,0.9622907495812397
1,6160,212500.0,1250.0,0.0943,0.9627777721943049
1,6160,213750.0,1250.0,0.08935,0.9632391122278058
1,6160,215000.0,1250.0,0.08476,0.963676365159129
1,6160,216250.0,1250.0,0.08049,0.9640914907872696
1,6160,217500.0,1250.0,0.07653,0.9644858291457287
1,6160,218750.0,1250.0,0.07285,0.9648610929648243
1,6160,220000.0,1250.0,0.06943,0.9652184254606366
1,6160,221250.0,1250.0,0.06626,0.965559296482412
1,6160,222500.0,1250.0,0.06333,0.9658847571189282
1,6160,223750.0,1250.0,0.06061,0.9661961180904524
1,6160,225000.0,1250.0,0.0581,0.9664942546063653
1,6160,226250.0,1250.0,0.05579,0.9667803685092129
1,6160,227500.0,1250.0,0.05366,0.9670552596314909
1,6160,228750.0,1250.0,0.05172,0.967319987437186
1,6160,230000.0,1250.0,0.04994,0.9675753266331659
1,6160,231250.0,1250.0,0.04834,0.9678222068676718
1,6160,232500.0,1250.0,0.04689,0.968061407035176
1,6160,233750.0,1250.0,0.0456,0.9682937353433835
1,6160,235000.0,1250.0,0.04446,0.9685199497487438
1,6160,236250.0,1250.0,0.04347,0.9687408207705193
1,6160,237500.0,1250.0,0.04261,0.9689570519262982
1,6160,238750.0,1250.0,0.04188,0.9691692797319933
1,6160,240000.0,1250.0,0.04128,0.9693781742043551
1,6160,241250.0,1250.0,0.04079,0.9695843299832497
1,6160,242500.0,1250.0,0.0404,0.9697882914572864
1,6160,243750.0,1250.0,0.0401,0.9699905067001675
1,6160,245000.0,1250.0,0.03987,0.9701914237855946
1,6160,246250.0,1250.0,0.0397,0.9703913065326634
1,6160,247500.0,1250.0,0.03955,0.9705904522613066
1,6160,248750.0,1250.0,0.0394,0.9707887855946399
1,6160,250000.0,1250.0,0.03923,0.9709863986599665
